{
  "project_info": {
    "project_number": "388720077992",
    "firebase_url": "https://prestamis-app-default-rtdb.firebaseio.com",
    "project_id": "prestamis-app",
    "storage_bucket": "prestamis-app.appspot.com"
  },
  "client": [
    {
      "client_info": {
        "mobilesdk_app_id": "1:388720077992:android:d1abe82651c51c0b3e269d",
        "android_client_info": {
          "package_name": "com.paparazziapps.pretamistapp"
        }
      },
      "oauth_client": [],
      "api_key": [
        {
          "current_key": "AIzaSyA9sOUvlIl-VC6Sl66Xwm1eNzVm3cbothY"
        }
      ],
      "services": {
        "appinvite_service": {
          "other_platform_oauth_client": []
        }
      }
    }
  ],
  "configuration_version": "1"
}